,T_K,T_F,RH,DewPoint,Pressure,RadDir_Wm2,RadDiff_Wm2,LWRad,SWNorm,SWRad,WindDir,WindSpd_ms
0,268.091675,22.895015,33.785812,254.848831,100129.84375,0.0,0.0,181.860031,0.0,0.0,239.756989,7.54424
