,T_K,T_F,RH,DewPoint,Pressure,RadDir_Wm2,RadDiff_Wm2,LWRad,SWNorm,SWRad,WindDir,WindSpd_ms
0,268.031158,22.7860844,33.985542,254.828262,100096.578125,0.0,0.0,181.908173,0.0,0.0,240.371414,7.773872
