,T_K,T_F,RH,DewPoint,Pressure,RadDir_Wm2,RadDiff_Wm2,LWRad,SWNorm,SWRad,WindDir,WindSpd_ms
0,268.038727,22.7997086,33.854553,254.809631,100061.25,0.0,0.0,182.026901,0.0,0.0,242.219559,8.090546
