,T_K,T_F,RH,DewPoint,Pressure,RadDir_Wm2,RadDiff_Wm2,LWRad,SWNorm,SWRad,WindDir,WindSpd_ms
0,268.082245,22.878041,33.708492,254.823944,100096.46875,0.0,0.0,181.926987,0.0,0.0,241.37175,7.874814
