,T_K,T_F,RH,DewPoint,Pressure,RadDir_Wm2,RadDiff_Wm2,LWRad,SWNorm,SWRad,WindDir,WindSpd_ms
0,268.006012,22.7408216,34.098034,254.825623,100094.835938,0.0,0.0,181.899139,0.0,0.0,240.345093,7.846742
