,T_K,T_F,RH,DewPoint,Pressure,RadDir_Wm2,RadDiff_Wm2,LWRad,SWNorm,SWRad,WindDir,WindSpd_ms
0,268.035309,22.7935562,33.823322,254.799973,100054.359375,0.0,0.0,182.008331,0.0,0.0,242.591431,8.182364
