,T_K,T_F,RH,DewPoint,Pressure,RadDir_Wm2,RadDiff_Wm2,LWRad,SWNorm,SWRad,WindDir,WindSpd_ms
0,268.06955,22.85519,33.791348,254.82782,100092.8125,0.0,0.0,181.948181,0.0,0.0,241.178787,7.828298
