,T_K,T_F,RH,DewPoint,Pressure,RadDir_Wm2,RadDiff_Wm2,LWRad,SWNorm,SWRad,WindDir,WindSpd_ms
0,268.061768,22.8411823999999,33.751816,254.812134,100076.875,0.0,0.0,181.952652,0.0,0.0,241.977371,8.012502
