,T_K,T_F,RH,DewPoint,Pressure,RadDir_Wm2,RadDiff_Wm2,LWRad,SWNorm,SWRad,WindDir,WindSpd_ms
0,268.060608,22.8390944,33.751328,254.810867,100075.96875,0.0,0.0,181.958862,0.0,0.0,242.00119,8.025142
