,T_K,T_F,RH,DewPoint,Pressure,RadDir_Wm2,RadDiff_Wm2,LWRad,SWNorm,SWRad,WindDir,WindSpd_ms
0,268.036774,22.7961931999999,33.841751,254.80513,100058.835938,0.0,0.0,182.025726,0.0,0.0,242.394699,8.132977
