,T_K,T_F,RH,DewPoint,Pressure,RadDir_Wm2,RadDiff_Wm2,LWRad,SWNorm,SWRad,WindDir,WindSpd_ms
0,268.028748,22.7817464,33.859913,254.800735,100051.953125,0.0,0.0,182.035233,0.0,0.0,242.563354,8.184481
