,T_K,T_F,RH,DewPoint,Pressure,RadDir_Wm2,RadDiff_Wm2,LWRad,SWNorm,SWRad,WindDir,WindSpd_ms
0,268.10379,22.916822,33.655804,254.834946,100116.03125,0.0,0.0,181.895508,0.0,0.0,240.828552,7.745461
