,T_K,T_F,RH,DewPoint,Pressure,RadDir_Wm2,RadDiff_Wm2,LWRad,SWNorm,SWRad,WindDir,WindSpd_ms
0,268.042206,22.8059708,33.820251,254.806259,100063.546875,0.0,0.0,182.005035,0.0,0.0,242.246704,8.111708
