,T_K,T_F,RH,DewPoint,Pressure,RadDir_Wm2,RadDiff_Wm2,LWRad,SWNorm,SWRad,WindDir,WindSpd_ms
0,268.06543725,22.84778705,33.772477625,254.819933,100083.765625,0.0,0.0,181.964439375,0.0,0.0,241.63261425000002,7.94441625
