,T_K,T_F,RH,DewPoint,Pressure,RadDir_Wm2,RadDiff_Wm2,LWRad,SWNorm,SWRad,WindDir,WindSpd_ms
0,268.078247,22.8708445999999,33.698071,254.817856,100090.71875,0.0,0.0,181.914932,0.0,0.0,241.547729,7.918416
