,T_K,T_F,RH,DewPoint,Pressure,RadDir_Wm2,RadDiff_Wm2,LWRad,SWNorm,SWRad,WindDir,WindSpd_ms
0,268.105438,22.9197884,33.680908,254.841614,100121.53125,0.0,0.0,181.900543,0.0,0.0,240.552124,7.684541
