,T_K,T_F,RH,DewPoint,Pressure,RadDir_Wm2,RadDiff_Wm2,LWRad,SWNorm,SWRad,WindDir,WindSpd_ms
0,268.075775,22.866395,33.740551,254.823883,100093.765625,0.0,0.0,181.940613,0.0,0.0,241.362732,7.876439
