,T_K,T_F,RH,DewPoint,Pressure,RadDir_Wm2,RadDiff_Wm2,LWRad,SWNorm,SWRad,WindDir,WindSpd_ms
0,268.025024,22.7750432,33.837357,254.792496,100045.046875,0.0,0.0,182.016235,0.0,0.0,242.849106,8.256792
