,T_K,T_F,RH,DewPoint,Pressure,RadDir_Wm2,RadDiff_Wm2,LWRad,SWNorm,SWRad,WindDir,WindSpd_ms
0,268.07843,22.871174,33.76041,254.83050550000002,100097.628906,0.0,0.0,181.93656199999998,0.0,0.0,241.075401,7.807782
