,T_K,T_F,RH,DewPoint,Pressure,RadDir_Wm2,RadDiff_Wm2,LWRad,SWNorm,SWRad,WindDir,WindSpd_ms
0,268.062958,22.8433244,33.730988,254.809158,100077.078125,0.0,0.0,181.937057,0.0,0.0,241.947922,8.017786
