,T_K,T_F,RH,DewPoint,Pressure,RadDir_Wm2,RadDiff_Wm2,LWRad,SWNorm,SWRad,WindDir,WindSpd_ms
0,268.081787,22.8772166000001,33.817619,254.845306,100123.484375,0.0,0.0,181.870483,0.0,0.0,239.842773,7.580966
