,T_K,T_F,RH,DewPoint,Pressure,RadDir_Wm2,RadDiff_Wm2,LWRad,SWNorm,SWRad,WindDir,WindSpd_ms
0,268.068359,22.8530462,33.752724,254.818909,100086.570312,0.0,0.0,181.954681,0.0,0.0,241.603561,7.93947
