,T_K,T_F,RH,DewPoint,Pressure,RadDir_Wm2,RadDiff_Wm2,LWRad,SWNorm,SWRad,WindDir,WindSpd_ms
0,268.061005,22.8398090000001,33.827019,254.826416,100088.65625,0.0,0.0,181.955307,0.0,0.0,241.183441,7.84373
