,T_K,T_F,RH,DewPoint,Pressure,RadDir_Wm2,RadDiff_Wm2,LWRad,SWNorm,SWRad,WindDir,WindSpd_ms
0,268.065796,22.8484328,33.736317,254.813065,100081.1875,0.0,0.0,181.944031,0.0,0.0,241.815918,7.990116
