,T_K,T_F,RH,DewPoint,Pressure,RadDir_Wm2,RadDiff_Wm2,LWRad,SWNorm,SWRad,WindDir,WindSpd_ms
0,268.016266,22.7592787999999,34.063511,254.828964,100100.078125,0.0,0.0,181.884048,0.0,0.0,240.194855,7.796982
