,T_K,T_F,RH,DewPoint,Pressure,RadDir_Wm2,RadDiff_Wm2,LWRad,SWNorm,SWRad,WindDir,WindSpd_ms
0,268.052765,22.824977,33.853729,254.823517,100083.398438,0.0,0.0,181.966934,0.0,0.0,241.279953,7.877945
