,T_K,T_F,RH,DewPoint,Pressure,RadDir_Wm2,RadDiff_Wm2,LWRad,SWNorm,SWRad,WindDir,WindSpd_ms
0,268.04126,22.804268,33.818256,254.804916,100062.65625,0.0,0.0,182.001038,0.0,0.0,242.290344,8.122069
