,T_K,T_F,RH,DewPoint,Pressure,RadDir_Wm2,RadDiff_Wm2,LWRad,SWNorm,SWRad,WindDir,WindSpd_ms
0,268.098602,22.9074836,33.689598,254.836517,100113.335938,0.0,0.0,181.910675,0.0,0.0,240.775879,7.744261
