,T_K,T_F,RH,DewPoint,Pressure,RadDir_Wm2,RadDiff_Wm2,LWRad,SWNorm,SWRad,WindDir,WindSpd_ms
0,268.080109,22.8741962,33.703079,254.820724,100093.65625,0.0,0.0,181.921387,0.0,0.0,241.457504,7.894639
