,T_K,T_F,RH,DewPoint,Pressure,RadDir_Wm2,RadDiff_Wm2,LWRad,SWNorm,SWRad,WindDir,WindSpd_ms
0,268.041901,22.8054218,33.786331,254.799164,100060.546875,0.0,0.0,181.977386,0.0,0.0,242.391083,8.142692
