,T_K,T_F,RH,DewPoint,Pressure,RadDir_Wm2,RadDiff_Wm2,LWRad,SWNorm,SWRad,WindDir,WindSpd_ms
0,268.014679,22.7564222,34.08503,254.83168,100107.15625,0.0,0.0,181.861435,0.0,0.0,239.947754,7.771909
