,T_K,T_F,RH,DewPoint,Pressure,RadDir_Wm2,RadDiff_Wm2,LWRad,SWNorm,SWRad,WindDir,WindSpd_ms
0,268.059021,22.8362377999999,33.804714,254.819962,100079.632812,0.0,0.0,181.981293,0.0,0.0,241.670837,7.948625
