,T_K,T_F,RH,DewPoint,Pressure,RadDir_Wm2,RadDiff_Wm2,LWRad,SWNorm,SWRad,WindDir,WindSpd_ms
0,268.048737,22.8177266,33.767254,254.802185,100065.695312,0.0,0.0,181.965515,0.0,0.0,242.244492,8.101733
