,T_K,T_F,RH,DewPoint,Pressure,RadDir_Wm2,RadDiff_Wm2,LWRad,SWNorm,SWRad,WindDir,WindSpd_ms
0,268.078217,22.8707906,33.750847,254.828384,100096.445312,0.0,0.0,181.937057,0.0,0.0,241.180908,7.834405
