,T_K,T_F,RH,DewPoint,Pressure,RadDir_Wm2,RadDiff_Wm2,LWRad,SWNorm,SWRad,WindDir,WindSpd_ms
0,268.079132,22.8724376,33.80825,254.84079,100115.34375,0.0,0.0,181.895889,0.0,0.0,240.181244,7.636895
