,T_K,T_F,RH,DewPoint,Pressure,RadDir_Wm2,RadDiff_Wm2,LWRad,SWNorm,SWRad,WindDir,WindSpd_ms
0,268.067444,22.8513992000001,33.742809,254.81601,100083.765625,0.0,0.0,181.948196,0.0,0.0,241.74913,7.958851
