,T_K,T_F,RH,DewPoint,Pressure,RadDir_Wm2,RadDiff_Wm2,LWRad,SWNorm,SWRad,WindDir,WindSpd_ms
0,268.087097,22.8867746,33.809307,254.848953,100131.109375,0.0,0.0,181.853943,0.0,0.0,239.620941,7.537921
