,T_K,T_F,RH,DewPoint,Pressure,RadDir_Wm2,RadDiff_Wm2,LWRad,SWNorm,SWRad,WindDir,WindSpd_ms
0,268.034515,22.792127,33.797672,254.794052,100051.710938,0.0,0.0,181.985382,0.0,0.0,242.601303,8.207047
