,T_K,T_F,RH,DewPoint,Pressure,RadDir_Wm2,RadDiff_Wm2,LWRad,SWNorm,SWRad,WindDir,WindSpd_ms
0,268.070374,22.8566732,33.871696,254.844711,100125.96875,0.0,0.0,181.849609,0.0,0.0,239.594223,7.573242
