,T_K,T_F,RH,DewPoint,Pressure,RadDir_Wm2,RadDiff_Wm2,LWRad,SWNorm,SWRad,WindDir,WindSpd_ms
0,268.0961,22.90298,33.677277,254.831558,100109.859375,0.0,0.0,181.908508,0.0,0.0,240.965881,7.780088
